First Name,Last Name,Maiden Name,Address,Birth Date,Contact Instructions,Marital Status,Headline,Summary,Industry,Country,Zip Code,Geo Location,Twitter Handles,Websites,Instant Messengers
Saber,Salhi,,,,,,Développeur front-end chez Xpermedia,"Mon nom est SALHI Saber , je vis en Tunisie, je travaille comme Graphique et Web Designer.
J'ai une bonne expérience de 4 ans dans le domaine de Designe. je cherche tout les
nouveautés dans le monde du designe , j'insiste sur la précision et l'organisation .la beauté
de Web (Web Esthétique),Éblouissement de les Affiches, l'accès facile (accessibilité), élégance
et simplicité (élégance et simplicité),la cohérence et de l'intégration (Cohérence et intégration) ...
est l' ensemble de concepts et Les critères que je suis en train toujours de trouver",Technologies et services de l’information,Tunisia,2053,Tunisia,,,
